{
  "base_seed": 42,
  "best_episode_index": 41,
  "best_episode_return": 719.0,
  "best_episode_score": 1259.0,
  "best_episode_seed": 83,
  "best_episode_steps": 191,
  "best_episode_win": true,
  "episodes": 200,
  "eval_plot": "results\\eval_food_bitmask_vi\\eval_curves.png",
  "gif_path": null,
  "mean_return": 31.715,
  "mean_score": 475.915,
  "mean_steps": 138.785,
  "model_path": "results\\train_food_bitmask_vi\\model.pkl",
  "model_summary": {
    "discovered_states": 136415,
    "final_residual": 0.07060648153128568,
    "gamma": 0.99,
    "iterations": 750,
    "policy_states": 136414,
    "state_action_pairs": 148751,
    "tolerance": 1e-06,
    "total_seconds": 516.5997444999521,
    "transition_samples": 217329
  },
  "render_mode": "none",
  "returns": [
    159.0,
    258.0,
    -634.0,
    421.0,
    416.0,
    376.0,
    612.0,
    637.0,
    443.0,
    -435.0,
    549.0,
    -539.0,
    350.0,
    -660.0,
    -570.0,
    227.0,
    333.0,
    -782.0,
    -568.0,
    591.0,
    606.0,
    594.0,
    -578.0,
    625.0,
    -353.0,
    503.0,
    -381.0,
    -650.0,
    441.0,
    418.0,
    424.0,
    -656.0,
    264.0,
    592.0,
    443.0,
    -530.0,
    501.0,
    369.0,
    584.0,
    -653.0,
    -635.0,
    719.0,
    -388.0,
    447.0,
    -583.0,
    -686.0,
    -698.0,
    -368.0,
    -720.0,
    429.0,
    330.0,
    -794.0,
    429.0,
    443.0,
    419.0,
    -341.0,
    208.0,
    372.0,
    -933.0,
    428.0,
    -507.0,
    426.0,
    402.0,
    -610.0,
    443.0,
    637.0,
    -597.0,
    -733.0,
    297.0,
    -540.0,
    624.0,
    441.0,
    -397.0,
    422.0,
    581.0,
    -493.0,
    -475.0,
    -410.0,
    403.0,
    -515.0,
    -416.0,
    -901.0,
    411.0,
    360.0,
    330.0,
    405.0,
    -344.0,
    300.0,
    420.0,
    -379.0,
    374.0,
    428.0,
    541.0,
    433.0,
    378.0,
    374.0,
    600.0,
    -543.0,
    -355.0,
    426.0,
    -355.0,
    -529.0,
    394.0,
    -357.0,
    367.0,
    427.0,
    -375.0,
    347.0,
    433.0,
    -654.0,
    423.0,
    292.0,
    -552.0,
    405.0,
    359.0,
    -483.0,
    -697.0,
    575.0,
    -535.0,
    349.0,
    -584.0,
    607.0,
    -412.0,
    424.0,
    -440.0,
    -590.0,
    178.0,
    -383.0,
    -600.0,
    431.0,
    429.0,
    638.0,
    420.0,
    -641.0,
    -598.0,
    592.0,
    -355.0,
    421.0,
    -533.0,
    376.0,
    541.0,
    591.0,
    404.0,
    -552.0,
    -930.0,
    -540.0,
    327.0,
    419.0,
    587.0,
    441.0,
    451.0,
    429.0,
    334.0,
    -584.0,
    296.0,
    240.0,
    414.0,
    -910.0,
    -563.0,
    -538.0,
    -612.0,
    -500.0,
    388.0,
    412.0,
    422.0,
    420.0,
    355.0,
    428.0,
    419.0,
    156.0,
    358.0,
    -339.0,
    428.0,
    347.0,
    591.0,
    -611.0,
    445.0,
    -550.0,
    202.0,
    -597.0,
    -603.0,
    343.0,
    -550.0,
    -729.0,
    384.0,
    412.0,
    -744.0,
    -582.0,
    439.0,
    -419.0,
    -387.0,
    432.0,
    326.0,
    413.0,
    420.0,
    -658.0,
    399.0,
    413.0,
    413.0,
    322.0
  ],
  "scores": [
    699.0,
    798.0,
    -144.0,
    961.0,
    956.0,
    916.0,
    1152.0,
    1177.0,
    983.0,
    -205.0,
    1089.0,
    -329.0,
    890.0,
    -180.0,
    -340.0,
    767.0,
    873.0,
    -552.0,
    -288.0,
    1131.0,
    1146.0,
    1134.0,
    -328.0,
    1165.0,
    -123.0,
    1043.0,
    -151.0,
    -150.0,
    981.0,
    958.0,
    964.0,
    -406.0,
    804.0,
    1132.0,
    983.0,
    -310.0,
    1041.0,
    909.0,
    1124.0,
    -243.0,
    -115.0,
    1259.0,
    -138.0,
    987.0,
    -53.0,
    -456.0,
    -468.0,
    -118.0,
    -470.0,
    969.0,
    870.0,
    -564.0,
    969.0,
    983.0,
    959.0,
    -111.0,
    748.0,
    912.0,
    -413.0,
    968.0,
    -277.0,
    966.0,
    942.0,
    -380.0,
    983.0,
    1177.0,
    -57.0,
    -483.0,
    837.0,
    -290.0,
    1164.0,
    981.0,
    -167.0,
    962.0,
    1121.0,
    -263.0,
    35.0,
    -180.0,
    943.0,
    -265.0,
    -16.0,
    -381.0,
    951.0,
    900.0,
    870.0,
    945.0,
    -4.0,
    840.0,
    960.0,
    -149.0,
    914.0,
    968.0,
    1081.0,
    973.0,
    918.0,
    914.0,
    1140.0,
    -293.0,
    -125.0,
    966.0,
    -125.0,
    -279.0,
    934.0,
    -127.0,
    907.0,
    967.0,
    -125.0,
    887.0,
    973.0,
    -404.0,
    963.0,
    832.0,
    -322.0,
    945.0,
    899.0,
    -173.0,
    -157.0,
    1115.0,
    -345.0,
    889.0,
    -334.0,
    1147.0,
    88.0,
    964.0,
    -210.0,
    -360.0,
    718.0,
    -133.0,
    -270.0,
    971.0,
    969.0,
    1178.0,
    960.0,
    -331.0,
    -68.0,
    1132.0,
    -105.0,
    961.0,
    -343.0,
    916.0,
    1081.0,
    1131.0,
    944.0,
    -322.0,
    -400.0,
    -310.0,
    867.0,
    959.0,
    1127.0,
    981.0,
    991.0,
    969.0,
    874.0,
    -54.0,
    836.0,
    780.0,
    954.0,
    -660.0,
    -293.0,
    -298.0,
    -382.0,
    -220.0,
    928.0,
    952.0,
    962.0,
    960.0,
    895.0,
    968.0,
    959.0,
    696.0,
    898.0,
    -109.0,
    968.0,
    887.0,
    1131.0,
    -361.0,
    985.0,
    -340.0,
    742.0,
    -257.0,
    -73.0,
    883.0,
    -270.0,
    -479.0,
    924.0,
    952.0,
    -494.0,
    -332.0,
    979.0,
    -189.0,
    -137.0,
    972.0,
    866.0,
    953.0,
    960.0,
    -428.0,
    939.0,
    953.0,
    953.0,
    862.0
  ],
  "seed_schedule": "base_seed + episode_index",
  "steps": [
    351,
    252,
    134,
    89,
    94,
    134,
    98,
    73,
    67,
    135,
    161,
    39,
    160,
    160,
    70,
    483,
    177,
    282,
    68,
    119,
    104,
    116,
    78,
    85,
    53,
    207,
    81,
    150,
    69,
    92,
    86,
    156,
    246,
    118,
    267,
    30,
    209,
    141,
    126,
    153,
    135,
    191,
    88,
    63,
    83,
    186,
    198,
    68,
    220,
    81,
    180,
    294,
    81,
    67,
    91,
    41,
    302,
    138,
    433,
    82,
    207,
    84,
    108,
    110,
    67,
    73,
    97,
    433,
    213,
    40,
    86,
    69,
    97,
    88,
    129,
    193,
    175,
    110,
    107,
    215,
    116,
    401,
    99,
    150,
    180,
    105,
    44,
    210,
    90,
    79,
    136,
    82,
    169,
    77,
    132,
    136,
    110,
    43,
    55,
    84,
    55,
    229,
    116,
    57,
    143,
    83,
    75,
    163,
    77,
    154,
    87,
    218,
    52,
    105,
    151,
    183,
    197,
    135,
    35,
    161,
    284,
    103,
    112,
    86,
    140,
    90,
    332,
    83,
    100,
    79,
    81,
    72,
    90,
    141,
    98,
    118,
    55,
    89,
    33,
    134,
    169,
    119,
    106,
    52,
    430,
    40,
    183,
    91,
    123,
    69,
    259,
    81,
    176,
    284,
    214,
    270,
    96,
    410,
    63,
    38,
    112,
    500,
    122,
    98,
    88,
    90,
    155,
    82,
    91,
    354,
    152,
    39,
    82,
    363,
    119,
    311,
    65,
    50,
    308,
    97,
    103,
    167,
    50,
    229,
    126,
    98,
    244,
    82,
    71,
    119,
    87,
    78,
    184,
    97,
    90,
    158,
    111,
    97,
    97,
    188
  ],
  "unseen_state_fallbacks": 7194,
  "win_rate": 0.6,